date,USDINR=X,USDBRL=X,USDMXN=X,USDZAR=X,USDTRY=X,USDCNY=X,GBPUSD=X,EURUSD=X,USDJPY=X,USDINR=X_30d_vol,USDBRL=X_30d_vol,USDMXN=X_30d_vol,USDZAR=X_30d_vol,USDTRY=X_30d_vol,USDCNY=X_30d_vol,GBPUSD=X_30d_vol,EURUSD=X_30d_vol,USDJPY=X_30d_vol
2025-03-26,85.59040069580078,5.698400020599365,20.031999588012695,18.270610809326172,37.98720169067383,7.256899833679199,1.2943308353424072,1.0787487030029297,149.9499969482422,,,,,,,,,
2025-03-27,86.09539794921875,5.733500003814697,20.257049560546875,18.26959991455078,38.022098541259766,7.256899833679199,1.2877637147903442,1.0742061138153076,150.47300720214844,,,,,,,,,
2025-03-28,85.69490051269531,5.739299774169922,20.281999588012695,18.205350875854492,38.003299713134766,7.263299942016602,1.295202612876892,1.080100178718567,150.8470001220703,,,,,,,,,
2025-03-31,85.53880310058594,5.7581000328063965,20.380090713500977,18.41119956970215,37.975101470947266,7.262800216674805,1.2938284873962402,1.082391619682312,149.61700439453125,,,,,,,,,
2025-04-01,85.46810150146484,5.698400020599365,20.474029541015625,18.30838966369629,37.898590087890625,7.256700038909912,1.292089819908142,1.0818880796432495,149.91299438476562,,,,,,,,,
2025-04-02,85.61009979248047,5.681300163269043,20.328340530395508,18.477970123291016,37.96049880981445,7.269700050354004,1.292306900024414,1.0795987844467163,149.7830047607422,,,,,,,,,
2025-04-03,85.65119934082031,5.663700103759766,20.25830078125,18.94409942626953,37.944618225097656,7.267499923706055,1.3046314716339111,1.090869426727295,147.8719940185547,,,,,,,,,
2025-04-04,85.28289794921875,5.6305999755859375,19.93221092224121,18.739099502563477,38.005699157714844,7.267499923706055,1.308866262435913,1.1043744087219238,146.2310028076172,,,,,,,,,
2025-04-07,85.529296875,5.840030193328857,20.621700286865234,19.27482032775879,38.00090026855469,7.281300067901611,1.2910722494125366,1.098454475402832,145.43299865722656,,,,,,,,,
2025-04-08,86.0270004272461,5.913599967956543,20.696550369262695,19.55769920349121,38.004798889160156,7.30810022354126,1.2734960317611694,1.0915361642837524,147.78900146484375,,,,,,,,,
2025-04-09,86.435302734375,6.013299942016602,20.836240768432617,19.75782012939453,38.007999420166016,7.338799953460693,1.2790995836257935,1.0980443954467773,145.84500122070312,,,,,,,,,
2025-04-10,86.20929718017578,5.8180999755859375,20.33354949951172,19.412220001220703,37.96289825439453,7.349999904632568,1.2825446128845215,1.0952062606811523,147.3990020751953,,,,,,,,,
2025-04-11,86.2603988647461,5.884300231933594,20.594459533691406,19.48649024963379,38.03559875488281,7.314000129699707,1.2992074489593506,1.1257838010787964,143.7469940185547,,,,,,,,,
2025-04-14,86.19300079345703,5.864200115203857,20.276779174804688,19.118560791015625,37.98509979248047,7.291600227355957,1.3085237741470337,1.1343141794204712,143.6959991455078,,,,,,,,,
2025-04-15,86.0447998046875,5.8541998863220215,20.07990074157715,18.871400833129883,38.03839874267578,7.3119001388549805,1.3174536228179932,1.1339668035507202,143.2209930419922,,,,,,,,,
2025-04-16,85.72669982910156,5.8846001625061035,20.125429153442383,19.026330947875977,38.17060089111328,7.3119001388549805,1.323101282119751,1.1292672157287598,143.18099975585938,,,,,,,,,
2025-04-17,85.62049865722656,5.8653998374938965,19.915300369262695,18.780250549316406,38.14339828491211,7.3119001388549805,1.3233989477157593,1.1396790742874146,141.92799377441406,,,,,,,,,
2025-04-22,85.15889739990234,5.80709981918335,19.70330047607422,18.697460174560547,38.235801696777344,7.298999786376953,1.3379716873168945,1.1512778997421265,140.87600708007812,,,,,,,,,
2025-04-23,85.2323989868164,5.719900131225586,19.615190505981445,18.607519149780273,38.280399322509766,7.311800003051758,1.327316164970398,1.1351252794265747,142.68800354003906,,,,,,,,,
2025-04-24,85.4999008178711,5.703400135040283,19.624399185180664,18.659400939941406,38.285621643066406,7.285999774932861,1.326453447341919,1.132733702659607,143.22300720214844,,,,,,,,,
2025-04-25,85.2573013305664,5.678699970245361,19.600000381469727,18.749309539794922,38.415000915527344,7.285999774932861,1.3326226472854614,1.1371906995773315,142.87899780273438,,,,,,,,,
2025-04-28,85.38490295410156,5.684700012207031,19.535160064697266,18.6824893951416,38.42399978637695,7.286399841308594,1.3290096521377563,1.1343141794204712,143.84100341796875,,,,,,,,,
2025-04-29,85.1603012084961,5.652900218963623,19.57309913635254,18.49449920654297,38.44160079956055,7.294000148773193,1.3436164855957031,1.1409143209457397,142.17799377441406,,,,,,,,,
2025-04-30,85.1707992553711,5.619999885559082,19.540199279785156,18.513200759887695,38.4994010925293,7.269000053405762,1.3410794734954834,1.1389262676239014,142.2989959716797,,,,,,,,,
2025-05-01,84.53119659423828,5.672900199890137,19.589000701904297,18.53898048400879,38.5017204284668,7.270599842071533,1.3323917388916016,1.1324899196624756,143.00900268554688,,,,,,,,,
2025-05-02,84.69670104980469,5.67710018157959,19.600889205932617,18.540700912475586,38.55839920043945,7.270599842071533,1.3286387920379639,1.1296498775482178,145.447998046875,,,,,,,,,
2025-05-05,84.52629852294922,5.666900157928467,19.610090255737305,18.40369987487793,38.57176971435547,7.270599842071533,1.3271929025650024,1.1323232650756836,144.62399291992188,,,,,,,,,
2025-05-06,84.2208023071289,5.686299800872803,19.673200607299805,18.259660720825195,38.61050033569336,7.269999980926514,1.3292568922042847,1.1313369274139404,143.6540069580078,,,,,,,,,
2025-05-07,84.79319763183594,5.712800025939941,19.644620895385742,18.19230079650879,38.63290023803711,7.216300010681152,1.335594892501831,1.1342755556106567,143.03500366210938,,,,,,,,,
2025-05-08,84.81719970703125,5.74459981918335,19.60308074951172,18.25079917907715,38.644100189208984,7.225200176239014,1.3294159173965454,1.1306205987930298,143.84800720214844,,,,,,,,,
2025-05-09,86.08219909667969,5.661600112915039,19.518699645996094,18.2106990814209,38.7244987487793,7.225200176239014,1.323539137840271,1.122422695159912,146.01499938964844,7.064662722540356,18.769732243581437,16.458902287101765,17.593327883715048,2.072813748887775,3.843922658155431,10.561226868677362,12.478988353687114,15.388574410337291
2025-05-12,85.4083023071289,5.648200035095215,19.441640853881836,18.201749801635742,38.74020004272461,7.236299991607666,1.3289036750793457,1.12296462059021,145.81199645996094,7.220976240522919,18.6832007650664,16.076968150782463,17.593792516106614,2.0721938930128414,3.874556839231358,10.453445726187802,12.370797668997515,15.334194144252319
2025-05-13,84.9656982421875,5.6697998046875,19.60740089416504,18.24401092529297,38.78990173339844,7.2017998695373535,1.3177834749221802,1.1095577478408813,148.30999755859375,7.250603779593004,18.719842739912835,16.314784610979284,17.57562103101274,2.0527199448124547,4.0911059117273485,10.700924581219219,12.903469144935734,16.187538220527724
2025-05-14,85.060302734375,5.60046911239624,19.39310073852539,18.297489166259766,38.758480072021484,7.205699920654297,1.3304418325424194,1.1185556650161743,147.5279998779297,7.246092731486262,18.996938364064313,16.457561693989344,17.277876428537827,2.0569182984763867,4.0976653217917445,10.999608452111133,13.06722366646518,16.09063739787653
2025-05-15,85.48760223388672,5.636499881744385,19.383060455322266,18.215930938720703,38.7677001953125,7.205699920654297,1.3263479471206665,1.1181930303573608,146.64999389648438,7.397305128205611,18.889695997373156,16.35619548631106,17.25014344310523,1.8977665066389426,4.0945628383799955,11.042457281834539,13.065792901389713,16.151994551878015
2025-05-16,85.44490051269531,5.681300163269043,19.471399307250977,17.99720001220703,38.83620071411133,7.206500053405762,1.3306896686553955,1.1192693710327148,145.61300659179688,7.3820866811007955,19.01955072281232,16.37471979004966,17.346963923827982,1.90350776615438,4.0511420582215925,11.061329276851252,13.029679095256034,16.257871349563423
2025-05-19,85.50029754638672,5.6586737632751465,19.451169967651367,18.04216957092285,38.856300354003906,7.209000110626221,1.3305498361587524,1.1187559366226196,145.29800415039062,7.383305375867316,19.0340753820414,16.36323694342998,15.537797688228071,1.8721807736260636,4.055308242710972,10.763654052437104,12.740378481598313,15.871160733743563
2025-05-20,85.37210083007812,5.644499778747559,19.284900665283203,18.0698299407959,38.846099853515625,7.209000110626221,1.3360053300857544,1.1233429908752441,144.97500610351562,7.287155727021778,18.968866257727893,15.910205639037029,15.310092917942015,1.8797768323412603,4.055308242710972,10.784189687670496,12.30922832119227,15.563469589960494
2025-05-21,85.53610229492188,5.667300224304199,19.269319534301758,17.92137908935547,38.83530044555664,7.219399929046631,1.3397821187973022,1.1287955045700073,144.3280029296875,7.2596699007521845,15.450024781274161,11.794601382656174,12.564134823378051,1.8862861344201005,4.03625176429508,9.906298020674859,12.235440523995523,15.537158208565183
2025-05-22,85.60030364990234,5.644700050354004,19.36680030822754,17.97150993347168,38.830101013183594,7.201900005340576,1.3419036865234375,1.133118748664856,143.7550048828125,7.053090007881151,14.924742109040343,11.863390443529456,11.596161329388046,1.8942940409614684,3.901048376677654,8.846855213763208,12.065941048479951,14.76688283291106
2025-05-23,85.97489929199219,5.71619987487793,19.32110023498535,18.005889892578125,39.033329010009766,7.203700065612793,1.3419216871261597,1.1281843185424805,143.85800170898438,7.031518233096774,14.520384465696823,11.557141616179022,11.020763638780789,2.291177495365878,3.648563961926693,8.824452644178669,12.088134420814475,14.305061991989875
2025-05-26,85.19930267333984,5.645199775695801,19.20479965209961,17.811899185180664,39.00040054321289,7.203700065612793,1.3535828590393066,1.1372811794281006,142.86700439453125,7.45744013044994,11.715522929092494,9.644466788175293,10.411836946630427,2.266198791360528,3.597129903800638,9.056265523544132,12.21233513304744,14.025946642686721
2025-05-27,85.158203125,5.666600227355957,19.245559692382812,17.830799102783203,38.993900299072266,7.203700065612793,1.3565207719802856,1.1388484239578247,142.65499877929688,7.451735042941618,11.21582547972249,8.675318161940524,10.288052432566634,2.2655010602824843,3.3694810159177897,8.416101035991295,9.244528701796598,12.08565509614999
2025-05-28,85.3604965209961,5.637400150299072,19.252700805664062,17.946870803833008,39.05950164794922,7.203700065612793,1.3513330221176147,1.1337097883224487,144.177001953125,7.494404416700844,11.256449027097453,7.747639042214743,9.467397470237184,2.182758986306386,3.2832227735731023,8.370233803826371,9.091790868737714,12.490999844217821
2025-05-29,85.38590240478516,5.688700199127197,19.385150909423828,17.964099884033203,39.09429168701172,7.203700065612793,1.3431472778320312,1.123368263244629,145.69700622558594,7.484299213800223,11.650502120482868,7.751914000182987,8.925887988068386,2.178176523496677,3.1446823560665353,8.435368675601348,9.468632715289525,12.799943268904117
2025-05-30,85.36129760742188,5.66510009765625,19.300100326538086,17.782249450683594,39.20848846435547,7.203700065612793,1.3498992919921875,1.1378376483917236,143.7790069580078,7.412563185055114,11.537976418203872,7.736054461714648,8.75020376428115,2.1268422868979195,3.1446823560665353,8.465715225400357,10.129878076616034,13.407453240174853
2025-06-02,85.52429962158203,5.720799922943115,19.422500610351562,17.967790603637695,39.254398345947266,7.203700065612793,1.346728801727295,1.1353315114974976,143.81500244140625,7.42785483899189,11.955213956819826,7.555632299823184,8.887790753793768,2.072447001170565,3.1446823560665353,8.51054034763345,9.788286993910605,13.137906962410012
2025-06-03,85.36370086669922,5.672399997711182,19.19219970703125,17.830699920654297,39.145301818847656,7.203700065612793,1.3556748628616333,1.1453442573547363,142.45199584960938,7.275604555770672,11.86432947736225,7.6993733857396665,9.02864343466762,2.2900275268863592,3.1243044509597926,8.131712816464582,9.671490287100566,13.258710688320118
2025-06-04,85.70880126953125,5.637800216674805,19.224300384521484,17.84756088256836,39.14459991455078,7.203700065612793,1.353143334388733,1.1384464502334595,143.83700561523438,7.362794946398611,11.19559730737633,7.655020810212941,9.002956664749231,2.2985927287971832,3.0581378017846976,7.767302250364754,8.922625182366307,13.031642883142492
2025-06-05,85.9041976928711,5.6321001052856445,19.199350357055664,17.808429718017578,39.264400482177734,7.203700065612793,1.3552155494689941,1.1422044038772583,142.73199462890625,7.337136963143595,11.17345140221305,7.649506764404598,8.918222846733382,2.385841761083162,2.9218995216331973,7.761204316176949,8.943364815014247,13.18892744673819
2025-06-06,85.87750244140625,5.58459997177124,19.151159286499023,17.704139709472656,39.282501220703125,7.175000190734863,1.3579576015472412,1.1453834772109985,143.54200744628906,7.283563371213936,11.360742899915172,7.665852885243483,8.79268868345055,2.2630085504091957,3.099967543577402,7.682727983119725,8.908780364972133,13.272910330400228
2025-06-09,85.7853012084961,5.562699794769287,19.09762954711914,17.766019821166992,39.24409866333008,7.188600063323975,1.3538211584091187,1.1407841444015503,144.6909942626953,7.2834847379602845,11.391826328094034,7.6524672375205105,8.91347751111225,2.313497517004125,3.174110367906872,7.696020320326018,8.959401820636593,13.332377323617017
2025-06-10,85.75599670410156,5.557000160217285,19.037799835205078,17.70840072631836,39.29912185668945,7.180200099945068,1.3556748628616333,1.1428048610687256,144.5399932861328,7.237179856730916,11.297768538078952,7.639043800920783,8.567278612788295,2.320900074265014,3.1484231504021145,7.048187369734735,8.814662742079639,12.864297395798419
2025-06-11,85.65280151367188,5.5721001625061035,19.058759689331055,17.68400001525879,39.19559860229492,7.180200099945068,1.3508219718933105,1.143746018409729,144.83799743652344,7.2492810387422155,11.222131625126655,7.657260657298033,8.535983296559259,2.5046564113680927,3.02798946567322,7.110746368913359,8.80017268415384,12.87128956743418
2025-06-12,85.46980285644531,5.535799980163574,18.897050857543945,17.68670082092285,39.129539489746094,7.192800045013428,1.3567416667938232,1.1509333848953247,144.2030029296875,6.9122735271898605,10.975763791416837,7.9014585981670535,8.506835022612824,2.5870142358045416,3.0877282639320573,6.911538008698156,8.795677060420982,12.881564865015774
2025-06-13,85.68840026855469,5.537300109863281,18.883209228515625,17.7549991607666,39.395599365234375,7.192800045013428,1.3627691268920898,1.1600254774093628,143.19400024414062,6.9263604289575955,10.970911333977188,7.8845666253156725,8.639312446025556,3.1526305763463927,3.0877282639320573,6.918739566620243,8.995859616599564,12.022032727055013
2025-06-16,86.24919891357422,5.538899898529053,18.947799682617188,17.931970596313477,39.36800003051758,7.181000232696533,1.3557006120681763,1.1556684970855713,144.09100341796875,7.109278683325529,10.971225354547128,7.985605500668531,9.053238578827134,3.1778642899462217,3.1078014616054452,7.117882295576399,9.083729615192945,12.073100219852
2025-06-17,86.10420227050781,5.490799903869629,18.923349380493164,17.815589904785156,39.38759994506836,7.178999900817871,1.3565576076507568,1.1551345586776733,144.72900390625,7.029383229170766,11.132148617780274,7.878353816247269,8.971651291038771,3.176809603132088,3.106517742017982,7.113478850738248,9.078368382538004,11.974120549817657
2025-06-18,86.36270141601562,5.493000030517578,19.019420623779297,17.983699798583984,39.52090072631836,7.184500217437744,1.3430029153823853,1.1482638120651245,145.37600708007812,6.8287963184878455,11.006979818237285,8.090536356743044,9.401183836872331,3.2727092245793363,2.3151597200641754,7.6442490040725355,9.260001010564151,11.95233892731033
2025-06-19,86.61360168457031,5.485199928283691,19.00749969482422,18.018999099731445,39.53409957885742,7.188799858093262,1.3416515588760376,1.1477497816085815,144.9550018310547,6.8597559659548235,10.81370848752211,8.085252767796806,9.366644482565532,3.272184270420976,2.2894562433811076,7.516755490483887,9.199755224660258,11.89178029761132
2025-06-20,86.58380126953125,5.489999771118164,19.02050018310547,17.99456024169922,39.663700103759766,7.188000202178955,1.3476725816726685,1.1512778997421265,145.21800231933594,5.379593381874443,10.110468572551422,8.038039542367585,9.355860233264455,3.3320080674144754,2.2889766970682737,7.472222219502421,8.924718130639887,11.05091155933061
2025-06-23,86.5802993774414,5.518400192260742,19.210100173950195,18.061199188232422,39.72050094604492,7.188000202178955,1.3435983657836914,1.1500862836837769,146.2239990234375,4.813446349611088,10.257366929286801,8.566370099720192,9.430255839085218,3.3346952107312,2.232000393414094,7.4705982110943525,8.941145051600957,11.231846928190823
2025-06-24,86.23300170898438,5.493800163269043,19.071199417114258,17.814800262451172,39.67070007324219,7.178999900817871,1.3545364141464233,1.1599044799804688,145.92799377441406,4.704941847474163,10.216895019327584,8.356737413614386,10.160044536681564,3.3857718976033646,1.8007937530793865,7.322021426978044,8.354059687733777,10.01686225249633
2025-06-25,85.90480041503906,5.510300159454346,18.99176025390625,17.721599578857422,39.6245002746582,7.171299934387207,1.361488938331604,1.161224365234375,144.95700073242188,4.862412936986311,9.707291472455049,7.867670958286453,10.17683598261428,3.4014980491016344,1.8111654375906228,6.967526901987804,8.115243085375514,10.08159472100889
2025-06-26,86.006103515625,5.5578999519348145,18.89859962463379,17.7007999420166,39.75859832763672,7.176400184631348,1.369187831878662,1.1683744192123413,144.9040069580078,4.663829125781414,9.864348919246366,7.961772252953324,10.125545102452763,3.4824815448241315,1.8282355294937702,7.00713804297574,8.221927153388055,9.951469705180047
2025-06-27,85.66639709472656,5.477099895477295,18.87881088256836,17.860599517822266,39.85430145263672,7.167500019073486,1.37247633934021,1.1692214012145996,144.69400024414062,4.81395703909855,10.342182627076117,7.796123862868649,9.960930963374189,3.502111831367692,1.854184037587174,6.987843166932738,8.223508400191804,9.754445587193725
2025-06-30,85.4552993774414,5.478400230407715,18.7992000579834,17.77079963684082,39.89059829711914,7.172100067138672,1.3719680309295654,1.1727453470230103,144.51699829101562,4.86686126754477,10.315766691735275,7.851081188477238,10.020126600731171,3.500572831244702,1.8634151564589343,6.992044062289031,8.21434120005801,9.741740983225508
2025-07-01,85.71399688720703,5.430200099945068,18.738000869750977,17.705299377441406,39.82659912109375,7.163599967956543,1.3730605840682983,1.178717017173767,143.8000030517578,4.923232607144832,10.551030340564118,7.560664127324094,10.042894407684933,3.559680651244288,1.8855264743336078,6.931355984274705,8.245701565211473,9.824076595863156
2025-07-02,85.6427993774414,5.458799839019775,18.737899780273438,17.592470169067383,39.83879852294922,7.1645002365112305,1.374721646308899,1.180553913116455,143.40199279785156,4.901174193297346,10.610509400085391,7.565528045474427,9.936054926626142,3.547832289158468,1.8228214229502004,6.908536007140555,8.188450277031295,9.773104373481182
2025-07-03,85.69409942626953,5.426400184631348,18.763700485229492,17.559099197387695,39.904701232910156,7.164899826049805,1.3650014400482178,1.18002450466156,143.5260009765625,4.899477751566464,10.669390724092558,7.385772314886611,9.889691001530307,3.5424506430537948,1.704088541186644,7.2761515022442715,8.176923899671422,9.711131290757377
2025-07-04,85.31909942626953,5.409299850463867,18.645910263061523,17.503400802612305,39.82059860229492,7.164899826049805,1.366829752922058,1.1771491765975952,144.6820068359375,4.883184393778527,9.822431188904925,7.532276288931921,9.880302949579226,3.4004562754682555,1.700257354168722,7.277341098083208,8.078626775950243,9.989363228336106
2025-07-07,85.49629974365234,5.419400215148926,18.60633087158203,17.58970069885254,39.95100021362305,7.164899826049805,1.3651504516601562,1.178078293800354,144.4980010986328,4.156337437136295,9.343614007617877,7.397930268353092,9.56319446677635,3.450485592185952,1.700257354168722,6.87884790421651,7.830885279897605,9.772838103652537
2025-07-08,85.89199829101562,5.48769998550415,18.643329620361328,17.85569953918457,40.00320053100586,7.1743998527526855,1.3623607158660889,1.1736538410186768,145.89199829101562,4.351399730182319,10.084048179193031,7.393050553084493,10.565783595334926,3.440828490424995,1.754965146865499,6.887310754841434,7.960296963239649,10.113251071508639
2025-07-09,85.7073974609375,5.446100234985352,18.612340927124023,17.77581024169922,40.02954864501953,7.173799991607666,1.3585295677185059,1.1724566221237183,146.8489990234375,4.360526769064246,10.193839082050909,7.382599589646491,10.462944529683831,3.4322054395845694,1.7545724529020195,6.842630309801493,7.8125283127099125,9.829798060279597
2025-07-10,85.70850372314453,5.5817999839782715,18.623769760131836,17.80755043029785,40.04629898071289,7.179999828338623,1.3593051433563232,1.17311692237854,146.11399841308594,4.3604066493476905,12.371351662451522,7.0066719300437414,10.474301464088356,3.434092491223087,1.778200689330906,6.58177556088307,7.187123192846766,9.494624400601559
2025-07-11,85.73480224609375,5.531099796295166,18.601259231567383,17.721099853515625,40.15909957885742,7.174799919128418,1.3579576015472412,1.1702749729156494,146.28799438476562,4.3588657227126415,12.575230090753688,6.946263897470209,10.14996209197195,3.4286350560845418,1.786702722298883,6.444377547328614,6.3984767820797,8.62173514701226
2025-07-14,85.82129669189453,5.571899890899658,18.65760040283203,17.927900314331055,40.19459915161133,7.168099880218506,1.3493820428848267,1.1682106256484985,147.2949981689453,4.335008345045831,12.414483151668723,6.6946918573591265,10.266992028792643,3.426953767059806,1.8010862963784489,6.67927850324474,6.38096711638957,8.811222481756776
2025-07-15,85.96839904785156,5.586999893188477,18.748369216918945,17.903799057006836,40.226898193359375,7.166999816894531,1.3428045511245728,1.1666297912597656,147.79200744628906,4.316182056558649,12.240305303923883,6.141067869171866,10.022676027830597,3.25559372827086,1.800417363578987,6.527419978790881,5.959393796640138,8.278238336687215
2025-07-16,85.99310302734375,5.5510029792785645,18.80171012878418,17.894420623779297,40.25429916381836,7.172900199890137,1.3393335342407227,1.1607391834259033,148.76100158691406,4.163108976299149,12.254405295125174,6.190833013124526,10.021659635362479,3.2445471673619566,1.8228287406505599,6.545586484814467,5.871141190781321,8.043877789854996
2025-07-17,85.88520050048828,5.5665998458862305,18.718759536743164,17.822900772094727,40.240699768066406,7.178500175476074,1.3411099910736084,1.1635754108428955,148.0030059814453,4.129204088390283,12.290225839266292,6.280645499535879,10.071148997507578,3.200221647420192,1.8420625672458966,6.540777840853293,5.842729358669152,7.829547810291992
2025-07-18,86.04650115966797,5.546599864959717,18.752620697021484,17.801700592041016,40.33599853515625,7.183199882507324,1.3432555198669434,1.161548137664795,148.44200134277344,4.163667120746493,12.09240773740997,6.3053690125545385,9.923208419861535,3.2291865698793116,1.4430786599587433,6.528618071199791,5.844661894587164,7.734430737467495
2025-07-21,86.14859771728516,5.578100204467773,18.705299377441406,17.7007999420166,40.394500732421875,7.177700042724609,1.341597557067871,1.1630746126174927,148.43099975585938,4.161304098389883,12.155610277145815,6.297986558429295,10.01392633097723,3.1838757495749452,1.3485180637889014,6.484682730124615,5.691031782785426,7.46009849354865
2025-07-22,86.19529724121094,5.565499782562256,18.656099319458008,17.597200393676758,40.40439987182617,7.17549991607666,1.348945140838623,1.1694538593292236,147.40899658203125,4.160221026615953,12.17096733156373,6.282672283258246,10.11309867311189,3.1877460836158176,1.3089644778933682,6.682498676884513,5.853968240388727,7.775219504500147
2025-07-23,86.3427963256836,5.563899993896484,18.643930435180664,17.550899505615234,40.433998107910156,7.174300193786621,1.352155327796936,1.1739156246185303,146.78500366210938,4.16215052253208,12.145502415651125,6.260301885732143,10.13239080672831,3.005023091906748,1.3096226625404301,6.6403652180085455,5.919957150837379,7.890286767799566
2025-07-24,86.39869689941406,5.51639986038208,18.53668975830078,17.511699676513672,40.45109939575195,7.1595001220703125,1.3579576015472412,1.1774264574050903,146.3489990234375,4.099974453158099,12.253140238171122,6.011132823131601,10.148104676641283,2.899180919483291,1.3255743073234574,6.635237287902316,5.732451875212614,7.825277757088794
2025-07-25,86.4302978515625,5.519999980926514,18.538549423217773,17.613100051879883,40.5359992980957,7.153500080108643,1.3510043621063232,1.1756131649017334,147.0050048828125,4.046923399722073,12.25461191481448,6.014800059124461,10.232083586996582,2.3691569511757913,1.3392779457984774,6.6624600448648295,5.351769548760218,7.572239158610455
2025-07-28,86.506103515625,5.565199851989746,18.50309944152832,17.738100051879883,40.54029846191406,7.153500080108643,1.344085931777954,1.1756821870803833,147.81300354003906,3.59382899634552,12.486701799616046,5.9020361244759405,10.014583140283706,2.331477648721205,1.266481287937697,6.658267513435619,5.203370101595312,7.527997252457677
2025-07-29,86.77760314941406,5.5868000984191895,18.746999740600586,17.88990020751953,40.56169891357422,7.177800178527832,1.336023211479187,1.1596757173538208,148.47900390625,3.6569879513276753,12.23954683405504,7.152263439578134,10.160562429249097,2.330954845210382,1.6255220296498218,6.853953054779319,6.631957385816685,7.531238845759695
2025-07-30,87.06320190429688,5.573200225830078,18.747159957885742,17.867700576782227,40.571998596191406,7.176400184631348,1.3353630304336548,1.1550945043563843,148.44200134277344,3.6767085992722826,12.271228115438653,6.969541537717104,9.777396691355396,2.224586295479706,1.609688173607221,6.235785685959848,6.496519116031199,7.458715455488344
2025-07-31,87.714599609375,5.575399875640869,18.842899322509766,17.981779098510742,40.58700180053711,7.176400184631348,1.3257676362991333,1.1429355144500732,149.2259979248047,4.16799438881044,12.257664238055108,7.15408745036535,9.944845080534206,2.2238515886061605,1.5984608022218596,6.555682148434363,7.202932969466779,7.4919745099019375
2025-08-01,87.4894027709961,5.598800182342529,18.86471939086914,18.210580825805664,40.66279983520508,7.200200080871582,1.3209865093231201,1.142374038696289,150.77200317382812,4.252570979094217,12.302520111957087,7.160954186126118,10.599855273966169,2.126994635816948,1.8734184924056374,6.451394714947015,7.138954825621119,7.968982363523352
2025-08-04,87.24530029296875,5.537899971008301,18.868009567260742,18.012100219726562,40.677799224853516,7.211599826812744,1.3289920091629028,1.158668041229248,147.34300231933594,4.348125263455485,12.667580936419611,6.474548419330804,11.042393462604906,2.1231804355244086,1.9247128738550956,6.694640499627111,8.278523029829032,10.404284008574688
2025-08-05,87.89330291748047,5.496099948883057,18.871400833129883,17.919700622558594,40.67490005493164,7.177999973297119,1.3297518491744995,1.1584129333496094,146.79299926757812,4.626924200799105,12.796226880578859,6.1628907949956995,10.38932741364467,2.050439572068434,2.342240736407535,6.201114630626056,7.898119200370917,10.448781765712928
2025-08-06,87.72309875488281,5.502999782562256,18.733230590820312,17.891599655151367,40.66899871826172,7.1834001541137695,1.3299463987350464,1.1579166650772095,147.55999755859375,4.500831863121775,12.771117054010055,6.396434090257302,10.276031357424873,1.9842937653117472,2.3295495115846787,5.963844923961449,7.891019650854812,10.336496277566718
2025-08-07,87.76249694824219,5.458899974822998,18.60154914855957,17.77482032775879,40.659400939941406,7.182799816131592,1.3357912302017212,1.1663167476654053,147.1929931640625,4.499082922959572,12.702628843482088,6.5527331810807485,10.459971832339624,1.8588857343442924,2.3215364131489484,5.856024053004162,7.972402784966667,10.372195708223957
2025-08-08,87.43319702148438,5.414299964904785,18.60795021057129,17.6931095123291,40.656009674072266,7.181000232696533,1.345152735710144,1.1676650047302246,146.83700561523438,4.481750196683587,12.218957377721013,6.555408868677243,10.198351404950145,1.8050620988223354,2.291987251049016,6.217043862546722,7.977005259235486,10.392160344613346
2025-08-11,87.48829650878906,5.432300090789795,18.582210540771484,17.732099533081055,40.74729919433594,7.181000232696533,1.3444474935531616,1.1647952795028687,147.66400146484375,4.381445544196148,12.264655466774704,6.465622258171515,10.121753440408277,1.86143713987759,2.285460339515316,6.216575034034795,7.9530372078705875,10.48228928336154
2025-08-12,87.66449737548828,5.442299842834473,18.656200408935547,17.752099990844727,40.708499908447266,7.187699794769287,1.3435261249542236,1.1618449687957764,148.125,4.346138028612233,12.0053954549766,6.52578957111039,10.067631768928715,1.7995685817350604,2.268992477584302,6.2010639641465115,7.816802723134258,10.36138249731519
2025-08-13,87.59559631347656,5.401199817657471,18.572799682617188,17.566699981689453,40.755001068115234,7.178500175476074,1.3504207134246826,1.1677058935165405,147.75799560546875,4.344741637424441,12.100643159274444,6.645143553489587,10.36023183369367,1.7987376586470907,2.3045984503693453,6.407704626103428,7.959360266083445,10.352530083335475
2025-08-14,87.44999694824219,5.391200065612793,18.619300842285156,17.496379852294922,40.781898498535156,7.174300193786621,1.3585295677185059,1.171289324760437,147.1199951171875,4.400878663816486,11.993540905834003,6.677599463860588,10.411098429870732,1.7786993570425915,2.3123194836874115,6.37847508257887,8.020719689130837,10.467554100262735
2025-08-15,87.69180297851562,5.40910005569458,18.801259994506836,17.58032989501953,40.846900939941406,7.179500102996826,1.3530701398849487,1.1651345491409302,147.6909942626953,4.168498554790242,12.001324716207675,7.029447594152817,10.462774785540413,1.5786193765708272,2.320628047742463,6.458248713185662,8.128785006824936,10.286132812530502
2025-08-18,87.51280212402344,5.400400161743164,18.72348976135254,17.575899124145508,40.89889907836914,7.181700229644775,1.3556381464004517,1.1706587076187134,147.26400756835938,4.239289109416341,11.997269906687725,7.113140920563553,10.365110061050926,1.4088159372652411,2.321536959436769,6.48393244866973,8.25574087379551,10.323836228388087
2025-08-19,87.29509735107422,5.435699939727783,18.765499114990234,17.624540328979492,40.88309860229492,7.184599876403809,1.3508219718933105,1.1668338775634766,147.91600036621094,4.179343032501139,11.56046158130355,7.119039056088139,9.368814919319519,1.4391862706645546,2.293718924958847,6.535263459352639,8.238645095772245,10.035482095564127
2025-08-20,87.0791015625,5.497600078582764,18.818700790405273,17.69993019104004,40.86960983276367,7.1819000244140625,1.348679542541504,1.164252758026123,147.7310028076172,4.198562843607171,11.825368574939086,7.134614905274877,9.382869697152822,1.471361600342078,2.2967408823123794,6.503489213921281,8.256415792598203,9.878308581305225
2025-08-21,87.01820373535156,5.469161033630371,18.768699645996094,17.66860008239746,40.911800384521484,7.1757001876831055,1.3466380834579468,1.165175199508667,147.3179931640625,4.211281705794641,9.347341958865567,7.187972296772141,9.376520774671807,1.4721663832738732,2.2973518982089782,6.5091193215086145,8.258573502548353,9.797205656954194
2025-08-22,87.29340362548828,5.464799880981445,18.736299514770508,17.703519821166992,41.007598876953125,7.179900169372559,1.3419395685195923,1.16130530834198,148.38600158691406,4.280137166755882,9.000778342799418,7.198771474509834,9.29329666510995,1.4186414517651136,2.293766483794073,6.571992618088875,8.283535155300365,10.000759661370864
2025-08-25,87.3301010131836,5.421299934387207,18.59326934814453,17.429529190063477,40.96030044555664,7.167500019073486,1.35111403465271,1.1709601879119873,147.21499633789062,4.278700730699086,8.948778253753604,7.498332504193359,9.65054176871978,1.5149981736133142,2.3337438896687135,6.646142494939896,8.630453021486927,10.096812488053834
2025-08-26,87.60859680175781,5.4096999168396,18.683229446411133,17.612899780273438,41.003501892089844,7.151000022888184,1.3453518152236938,1.1618449687957764,147.82200622558594,4.333536298460255,8.889074623209686,7.496800862033407,10.202268631704072,1.5192460127271612,2.427096258319018,6.6091252300112355,8.920482441495245,10.120859840244048
2025-08-27,87.60070037841797,5.43120002746582,18.6585693359375,17.62042999267578,41.037498474121094,7.1519999504089355,1.3478723764419556,1.1639411449432373,147.46200561523438,4.337537731556403,8.853492182589656,7.451415056143568,10.206010923327277,1.5202158425444345,2.413199538921691,6.57965963356634,8.812001356254436,9.95082898363683
2025-08-28,87.65910339355469,5.417699813842773,18.651199340820312,17.68090057373047,41.05189895629883,7.1529998779296875,1.3503841161727905,1.1647952795028687,147.3159942626953,4.300919374183496,8.8033372197773,7.346387021551486,10.211571044339339,1.4944905873319647,2.4000764888529478,6.589340976735894,8.786500353943786,9.848563259451698
2025-08-29,87.5916976928711,5.413000106811523,18.650239944458008,17.68086051940918,41.140499114990234,7.1529998779296875,1.35111403465271,1.1681560277938843,146.7899932861328,4.305545632321824,8.765942309630422,7.323908200950971,10.207841593734862,1.4748173249097076,2.389248749950043,6.57745970842585,8.80682557609535,9.85184527360914
2025-09-01,88.17430114746094,5.432400226593018,18.65846061706543,17.638599395751953,41.142398834228516,7.13040018081665,1.3503841161727905,1.1691803932189941,147.0970001220703,4.648250001696856,8.651707497480423,7.291531739450018,10.099088840742281,1.4654588419026284,2.5397692798412383,6.567351165876355,8.802946710299231,9.877156833786584
2025-09-02,88.00140380859375,5.438399791717529,18.648099899291992,17.616239547729492,41.14289855957031,7.13040018081665,1.3547931909561157,1.1715912818908691,147.08399963378906,4.715463173945797,8.659614544379696,7.253002470744398,9.958491398648732,1.4720681448900608,2.540406377355996,6.443810234277074,8.679053471220618,9.676706780015424
2025-09-03,87.99829864501953,5.4670000076293945,18.728700637817383,17.696399688720703,41.16619873046875,7.138999938964844,1.3383476734161377,1.163602590560913,148.54800415039062,4.7099453378019,8.833120202534381,7.3569287040862825,10.007551294757024,1.471598504487886,2.5733309053482802,7.321757945793626,8.826830414877655,10.01221794226144
2025-09-04,88.072998046875,5.4481000900268555,18.706600189208984,17.653799057006836,41.158599853515625,7.14139986038208,1.3441582918167114,1.16604483127594,147.97999572753906,4.710344027016129,8.553252836034305,7.15411770534312,10.011492559005099,1.4883465302015197,2.5126469777681333,7.324543128261864,8.801871090463212,10.040324714283308
2025-09-05,88.19290161132812,5.443999767303467,18.725799560546875,17.743900299072266,41.247501373291016,7.14139986038208,1.3444474935531616,1.1656913757324219,148.375,4.714066811568004,8.547903460508206,7.156748198524215,9.980633115354973,1.4938691515321525,2.502487300152688,7.183197262178948,8.794133747266383,9.989711687601648
2025-09-08,88.1863021850586,5.412199974060059,18.726360321044922,17.60070037841797,41.25559997558594,7.132500171661377,1.3492909669876099,1.1713168621063232,148.343994140625,4.718634364652831,8.2790543433361,7.125591006477727,10.046403403754022,1.491604459968527,2.526051603246825,7.103359712206468,8.91718259725653,9.869366542668368
2025-09-09,87.98049926757812,5.420300006866455,18.652870178222656,17.46240997314453,41.261390686035156,7.129300117492676,1.3553073406219482,1.1769136190414429,147.36399841308594,4.733937166996868,8.187329603664319,6.11422966778227,9.923008898852045,1.497080949554542,2.2996073382695683,6.9634728238273516,8.047409069991964,9.96705258878175
2025-09-10,88.21829986572266,5.433599948883057,18.62350082397461,17.53380012512207,41.257301330566406,7.1209001541137695,1.352109670639038,1.1702749729156494,147.39199829101562,4.706390592406461,8.235095311061025,6.127624257221689,10.02153853240881,1.5070353989479082,2.316091992381347,7.007159645895997,8.143060738764015,9.967799831163523
2025-09-11,88.05339813232422,5.4019999504089355,18.580799102783203,17.47480010986328,41.27539825439453,7.120699882507324,1.3534730672836304,1.1703435182571411,147.33200073242188,4.2493681686682105,8.350589093387956,5.941829626966415,9.82675877202775,1.5064165893764616,2.315834369201062,6.625880269127533,7.452009634556626,9.830504916042303
2025-09-12,88.2676010131836,5.388199806213379,18.45400047302246,17.346599578857422,41.34280014038086,7.1184000968933105,1.3576626777648926,1.1734747886657715,147.2239990234375,4.2203672443412446,8.21080177587561,6.197805838949146,9.09672401543473,1.4901876654057147,2.052910809868946,6.531586746361172,7.4608115665502766,9.285335392009717
2025-09-15,88.27729797363281,5.35099983215332,18.446989059448242,17.348560333251953,41.27825927734375,7.124199867248535,1.3553440570831299,1.1726491451263428,147.66600036621094,4.1184014086802705,7.880681285253435,6.192887305963116,8.668647583800244,1.6110370713478896,2.000460934592013,6.38693104376564,6.303747380772484,6.603789376005073
2025-09-16,88.12349700927734,5.315199851989746,18.361520767211914,17.3605899810791,41.307701110839844,7.118500232696533,1.3602666854858398,1.1763737201690674,147.40499877929688,3.5801807158213026,7.8237181762742996,6.286851016051097,8.60540967910304,1.603353183074038,1.5492055919999776,6.4444767681365605,6.3510394293004,6.529297910350397
2025-09-17,87.88459777832031,5.29580020904541,18.28580093383789,17.337570190429688,41.30730056762695,7.114200115203857,1.365392804145813,1.1871408224105835,146.41299438476562,3.6250229609912004,7.824384019763859,6.06773067222163,8.60440864871346,1.5989823242477261,1.5205088593026999,6.499552171404138,6.81662709444601,6.639734675008241
2025-09-18,87.91069793701172,5.310100078582764,18.30780029296875,17.375499725341797,41.30110168457031,7.103300094604492,1.3629734516143799,1.1826341152191162,146.89100646972656,3.6238858238846303,7.635459355857931,5.7961628062752,8.490901102144651,1.5956436545584054,1.5582499253252946,6.455796284665702,6.66373047007983,6.680605439835323
2025-09-19,88.20690155029297,5.304299831390381,18.364200592041016,17.340330123901367,41.39720153808594,7.1128997802734375,1.3556013107299805,1.1791062355041504,147.94700622558594,3.560341230388834,7.319648811388911,5.885357384400869,8.421890791287446,1.6673949651177904,1.6361852216492687,6.400926858178842,6.734401715602672,6.960304318188873
2025-09-22,88.09919738769531,5.320499897003174,18.42020034790039,17.319110870361328,41.407901763916016,7.1128997802734375,1.3464748859405518,1.1736950874328613,148.09500122070312,3.585586281305048,7.3072223946228085,5.962859362362056,8.379184116682675,1.5951981970734466,1.6361852216492687,6.7128036206488915,6.838705223566431,6.776713554876614
2025-09-23,88.30439758300781,5.3343000411987305,18.357690811157227,17.330900192260742,41.39189910888672,7.113999843597412,1.3514974117279053,1.1801080703735352,147.72500610351562,3.600313648584383,7.333031661090998,5.886917541435334,8.371372759215044,1.5572904095259512,1.5996575415602188,6.791783773910474,6.946530841544531,6.755094349237305
2025-09-24,88.80799865722656,5.281599998474121,18.346500396728516,17.228099822998047,41.418701171875,7.111599922180176,1.3524478673934937,1.1814465522766113,147.61300659179688,3.9162018920507915,7.550973873065063,5.767541754882208,8.0135525131117,1.5476641602247012,1.574819309501363,6.632097981953479,6.816907129286983,6.7203840963055335
2025-09-25,88.77860260009766,5.329899787902832,18.418739318847656,17.327280044555664,41.469600677490234,7.131499767303467,1.3452396392822266,1.1744670867919922,148.75100708007812,3.8722393349993736,8.064814053772066,5.844766522581896,8.155225939160253,1.560258906399567,1.8112888785698007,6.562240731591899,7.005245995437741,6.952653492146006
2025-09-26,88.77310180664062,5.363699913024902,18.484119415283203,17.422000885009766,41.56399917602539,7.133800029754639,1.333653450012207,1.166275978088379,149.86099243164062,3.8151616669741863,8.230738022237418,5.144102382235884,8.193824130815146,1.611329373629639,1.797162155379707,6.912993009983348,7.135970776369508,7.183128395568931
2025-09-29,88.67680358886719,5.3422532081604,18.358549118041992,17.34040069580078,41.56108856201172,7.132800102233887,1.3408241271972656,1.170823097229004,149.40499877929688,3.7715522364686276,8.293474007361205,5.357743903351475,8.292186224191763,1.6082054332074893,1.7906114113241416,7.087960125286011,7.09181062982589,7.189476188960631
2025-09-30,88.70449829101562,5.321700096130371,18.358999252319336,17.250200271606445,41.57659912109375,7.1194000244140625,1.3437248468399048,1.1731443405151367,148.59500122070312,3.668365309724222,8.087988889721396,5.291779229540513,8.346125090613821,1.5852548363984265,1.8421831360391303,7.0575239076542156,7.043778844447061,7.2869108942970735
2025-10-01,88.8406982421875,5.319499969482422,18.31382942199707,17.27267074584961,41.582698822021484,7.11899995803833,1.3443390130996704,1.1735849380493164,147.9969940185547,3.565004739481867,7.234327407923839,5.20409824749969,8.23569664233796,1.5678924004622667,1.8434168789877314,7.046634942253166,7.006949072009124,7.3774471334212945
2025-10-02,88.68299865722656,5.328800201416016,18.382360458374023,17.206579208374023,41.59410095214844,7.11899995803833,1.3480178117752075,1.1734058856964111,147.08299255371094,3.6142108879200414,7.1724929419739265,5.3450205877801675,8.278173067552395,1.5641619586305278,1.837160369729301,7.080019723908458,7.006245490989632,7.554475579418944
2025-10-03,88.72019958496094,5.336599826812744,18.41200065612793,17.270299911499023,41.64179992675781,7.11899995803833,1.3446643352508545,1.1725116968154907,147.14999389648438,3.5340248564931254,7.203976750793932,5.376140410181722,8.344628245191528,1.4815196286783334,1.8214189564645977,7.04244902724205,6.9319440711049385,7.23445962272445
2025-10-06,88.73509979248047,5.33459997177124,18.433330535888672,17.257659912109375,41.68830108642578,7.11899995803833,1.3433817625045776,1.171248197555542,149.6060028076172,3.5355427266092017,6.8750621728262935,4.961070275330516,7.093429478079652,1.4038110533278685,1.7705249656039732,6.748495960706709,6.513727495695748,8.398248753132167
2025-10-07,88.72109985351562,5.311200141906738,18.337589263916016,17.151199340820312,41.703800201416016,7.11899995803833,1.3484903573989868,1.171028733253479,150.33099365234375,3.449200374534409,6.9512398145829035,4.912933812568303,6.501437663352408,1.3980142918165328,1.6580709858378684,6.729465975429229,6.080895748502134,8.427525636250387
2025-10-08,88.74259948730469,5.353799819946289,18.388530731201172,17.209299087524414,41.71736145019531,7.11899995803833,1.3421016931533813,1.1654603481292725,152.05099487304688,3.4462472403652717,7.27420485108949,5.004731959837332,6.608759389629388,1.3973714129395225,1.6564491404115373,6.8486324208398734,6.2323314503691245,8.940874120526491
2025-10-09,88.7771987915039,5.33519983291626,18.334150314331055,17.152050018310547,41.73080062866211,7.118500232696533,1.3401411771774292,1.1631964445114136,152.67999267578125,3.445557323850299,7.303610250177728,5.055742227273539,6.524374446668286,1.3977491471870276,1.6543333410607677,6.832131563228884,6.255077086846393,8.96329605325927
2025-10-10,88.86540222167969,5.377200126647949,18.38343048095703,17.19162940979004,41.822471618652344,7.127500057220459,1.3304948806762695,1.156644344329834,152.96499633789062,3.4303252249385845,7.6943171090917915,5.1415982835186504,6.5892015801892105,1.4016415868387244,1.7048103901170824,7.117031098826726,6.394754702582708,8.84919779985925
2025-10-13,88.7573013305664,5.5229997634887695,18.522390365600586,17.41132926940918,41.8129997253418,7.099999904632568,1.3336178064346313,1.160240888595581,152.05599975585938,2.9211835544627935,11.01027622301855,5.641387542862444,7.673906691493891,1.4123204775307943,1.8211933452271247,7.164750158990032,6.463500106653271,9.096695247635761
2025-10-14,88.66510009765625,5.464099884033203,18.45829963684082,17.32033920288086,41.81230163574219,7.099999904632568,1.3332622051239014,1.1566845178604126,152.4340057373047,2.8731584912744568,11.479414618774369,5.717896322779616,7.796629383555597,1.4132806465930288,1.8211933452271247,7.080100830013401,6.475093014449791,9.09753734801099
2025-10-15,88.78250122070312,5.481500148773193,18.504369735717773,17.385459899902344,41.81919860839844,7.138400077819824,1.3321610689163208,1.1602274179458618,151.7310028076172,2.8883174841533013,11.415259658774591,5.612168007597923,7.754919064762351,1.4173757200178454,2.4051192631844183,6.167891570364132,6.256046875663507,8.85699302233165
2025-10-16,87.80950164794922,5.4492998123168945,18.45509910583496,17.34510040283203,41.851200103759766,7.126200199127197,1.3404465913772583,1.1646324396133423,150.9739990234375,4.35006857515204,11.502123154334667,5.646522005840798,7.753200119632954,1.4027050215499166,2.4527275619397275,6.3090548377568405,6.326604907053146,8.915215439556032
2025-10-17,87.9906997680664,5.440814971923828,18.430299758911133,17.335460662841797,41.89630126953125,7.123000144958496,1.3445558547973633,1.1699601411819458,150.1199951171875,4.375199985353675,11.509255429356969,5.634627512831181,7.564109572493742,1.3283150379682918,2.4550679266426925,6.374568956491121,6.464923403111508,9.07909783614149
2025-10-20,88.0022964477539,5.406099796295166,18.364700317382812,17.3656005859375,41.93040084838867,7.126399993896484,1.342588186264038,1.165745735168457,150.89999389648438,4.375601581049034,11.534095409744273,5.699619105382319,7.269400648126659,1.3272691964212333,2.4349555164707346,6.295104236820621,6.394021040772071,9.181861287818656
2025-10-21,87.87999725341797,5.36870002746582,18.399370193481445,17.217859268188477,41.92890167236328,7.119500160217285,1.3405184745788574,1.164442539215088,150.7740020751953,4.34150767937151,11.695149115682678,5.65767985745453,7.3292986467248165,1.3328617687269066,2.447390675150656,6.1512372556415755,6.225164582759355,8.938166215798292
2025-10-22,88.00160217285156,5.38670015335083,18.434099197387695,17.38779067993164,41.96820068359375,7.121799945831299,1.336523175239563,1.160038948059082,151.89300537109375,4.2857097231152785,11.716379680295748,5.68677963300423,7.8163713712313525,1.3238032210993467,2.425549700544219,6.171392887080956,6.110061728602538,9.140278847500621
2025-10-23,87.74030303955078,5.399400234222412,18.43950080871582,17.415790557861328,41.97639846801758,7.125699996948242,1.3351848125457764,1.1608469486236572,151.95399475097656,4.337200039013306,11.618836394354538,5.658712303569711,7.777933887172813,1.3277728506367241,2.4305940823232843,6.159607535185307,6.115979470231041,9.132315990936062
2025-10-24,87.77899932861328,5.382900238037109,18.393600463867188,17.32200050354004,42.03110122680664,7.125699996948242,1.332746982574463,1.1618045568466187,152.6020050048828,4.273481068821997,11.62935308809885,5.352136178095412,7.639555189992637,1.3079463792888788,2.4283830629452385,6.078333740230182,6.061959419055857,9.162525563797544
2025-10-27,87.8290023803711,5.388299942016602,18.418739318847656,17.199499130249023,41.99216079711914,7.121099948883057,1.3322391510009766,1.1631693840026855,153.06100463867188,4.278280038120363,11.44622153530246,5.368221221419954,7.906518255218538,1.2294759622157563,2.4245317837963203,6.069670649303284,6.076222108272203,9.162620489565644
2025-10-28,88.22209930419922,5.373300075531006,18.38932991027832,17.21092987060547,41.95940017700195,7.110199928283691,1.3341000080108643,1.165175199508667,152.69200134277344,4.4551318501076205,11.295197684447192,5.212611574965854,7.906215807844787,1.289301589186837,2.454197014403158,5.969073172072863,6.019108484573903,9.182679093055945
2025-10-29,88.22550201416016,5.357399940490723,18.425260543823242,17.14674949645996,41.94852066040039,7.098800182342529,1.3279330730438232,1.1657865047454834,151.7310028076172,4.37814629837621,11.275504160333021,5.085225022732573,7.964395099191562,1.3002327482790128,2.4910441531618175,5.925768447849363,5.318901065792725,9.15080514733316
2025-10-30,88.34559631347656,5.357800006866455,18.465700149536133,17.162700653076172,41.89762878417969,7.098999977111816,1.3195397853851318,1.1603351831436157,152.7220001220703,4.392457185464506,11.254816747529857,5.10930231122703,7.937781079778546,1.381386051666718,2.4522631156180497,6.125853640466435,5.370711926330437,9.26295173628509
2025-10-31,88.6344985961914,5.381999969482422,18.525400161743164,17.275890350341797,42.026798248291016,7.109799861907959,1.3159106969833374,1.157246708869934,153.89999389648438,4.386262768388575,11.31082518170007,5.116715309282047,8.173974664991482,1.4829560990321073,2.460991991644458,6.0096465434242194,5.359266122873943,9.293042390325596
2025-11-03,88.77539825439453,5.374599933624268,18.554079055786133,17.28927993774414,42.03961944580078,7.1168999671936035,1.3134735822677612,1.1528042554855347,154.19500732421875,4.384734375632784,11.297062999628007,5.06476025401525,8.170864684078134,1.4823479614768675,2.4784214900684156,5.76543016073993,5.31518119506968,9.293993784346833
2025-11-04,88.72339630126953,5.354899883270264,18.491670608520508,17.29412078857422,42.06949996948242,7.171800136566162,1.3135254383087158,1.1519144773483276,154.20399475097656,4.346341231544155,11.335180938302162,5.062897930193988,8.168598431180069,1.458918891433798,3.334625800261975,5.609417575344866,4.99533073786995,9.231019501050978
2025-11-05,88.73200225830078,5.395899772644043,18.675500869750977,17.491039276123047,42.071998596191406,7.129499912261963,1.3021697998046875,1.1485539674758911,153.5570068359375,4.016404082896127,11.123945697757701,5.780355723652318,8.616309833885813,1.4651604180019215,3.782326650374189,6.010920909551942,4.996960583299613,9.35533837205877
2025-11-06,88.55690002441406,5.35860013961792,18.590700149536133,17.399799346923828,42.11119842529297,7.125999927520752,1.3052598237991333,1.1496764421463013,154.072998046875,4.055281192409768,11.042575473769588,5.876342671026726,8.623621163688604,1.4552028436718245,3.6965746349780013,5.971629081061402,4.796102182658002,9.181070968619304
2025-11-07,88.6729965209961,5.3495001792907715,18.556299209594727,17.353029251098633,42.16474151611328,7.118599891662598,1.3140950202941895,1.1549211740493774,152.947998046875,4.075290074952057,10.899071385076562,5.826366617895285,8.510158068364323,1.3763605492438808,3.7065486279665003,5.931213167872532,4.649212496181012,9.300790066478019
2025-11-10,88.65799713134766,5.330900192260742,18.443740844726562,17.30554962158203,42.23031997680664,7.118599891662598,1.3142677545547485,1.1543878316879272,153.81700134277344,4.063406181145105,10.883756183230613,5.75453603720693,8.437778458601809,1.4004421736160555,3.7065356355090833,5.66977415623767,4.473673476358899,9.339640631893493
2025-11-11,88.70709991455078,5.289700031280518,18.378599166870117,17.145610809326172,42.234100341796875,7.11929988861084,1.3172974586486816,1.1557220220565796,154.14599609375,4.0656418183526375,11.058211815237852,5.853314576217604,8.728250214904273,1.4056585778990376,3.6664909769456013,5.676059049840332,4.440624648248051,9.143826565748503
2025-11-12,88.46649932861328,5.270699977874756,18.316650390625,17.15203094482422,42.23789978027344,7.11929988861084,1.3152875900268555,1.1587486267089844,154.0749969482422,4.112742498301239,11.102380225804723,5.892946967175187,8.718615005669033,1.4070760297698501,3.66644950534332,5.671370032895364,4.525613425664315,9.023097639065979
2025-11-13,88.59400177001953,5.291299819946289,18.287799835205078,17.087230682373047,42.2484016418457,7.11929988861084,1.3127838373184204,1.159218668937683,154.71299743652344,4.107091987877773,11.154263951439765,5.801259308745153,8.716887004231323,1.4074861792895865,3.66644950534332,5.584277948801216,4.531368692090401,8.766342110769013
2025-11-14,88.81610107421875,5.296500205993652,18.315000534057617,17.038570404052734,42.28519821166992,7.111999988555908,1.3152183294296265,1.1631964445114136,154.63299560546875,4.171016106791067,11.14885712697813,5.798041274444515,8.6674814385735,1.3990715185994071,3.678569945546533,5.61711865701391,4.6634390333480455,8.78287581791861
2025-11-17,88.68199920654297,5.295599937438965,18.30643081665039,17.08218002319336,42.31201171875,7.0991997718811035,1.3160146474838257,1.1615345478057861,154.5850067138672,4.194800390352582,11.148780482924186,5.784814638860846,8.710100156034008,1.3878811179778179,3.7140990349364333,5.6299264270789635,4.669883483554589,7.552208154884621
2025-11-18,88.63590240478516,5.329500198364258,18.43269920349121,17.171049118041992,42.318599700927734,7.107500076293945,1.3156163692474365,1.159057378768921,155.2729949951172,4.197170963698705,11.23661454551236,5.941456402839162,8.670685095343226,1.390964585392545,3.7319816306772675,5.469331140877759,4.700702778475702,7.53602865497182
2025-11-19,88.55680084228516,5.321499824523926,18.34040069580078,17.166799545288086,42.326900482177734,7.107500076293945,1.3147515058517456,1.1581177711486816,155.54800415039062,4.203685564800412,10.992450102606,6.07256202530364,8.613020678449988,1.3927810237230474,3.7319816306772675,5.341494699084206,4.513941559337365,6.873821838084256
2025-11-20,88.48719787597656,5.32859992980957,18.31679916381836,17.178800582885742,42.342899322509766,7.107500076293945,1.3061821460723877,1.154068112373352,156.99200439453125,4.20640673947873,10.955464523777229,6.0228875822143495,8.559540752801855,1.3923111233311272,3.732006070211274,5.600489110109783,4.587750306768763,7.244867012618739
2025-11-21,88.69219970703125,5.332300186157227,18.36590003967285,17.212350845336914,42.43870162963867,7.107500076293945,1.308489441871643,1.1534557342529297,157.36900329589844,4.25366946965852,10.70077648420144,6.022604518239034,8.552085829144042,1.3994508117373197,3.711280354828042,5.312685627582681,4.297516120615634,7.2524711593014475
2025-11-24,89.63400268554688,5.402100086212158,18.473880767822266,17.36482048034668,42.395748138427734,7.106599807739258,1.3096375465393066,1.1507612466812134,156.68800354003906,5.242547654805764,8.019525821619824,5.856196042727844,8.109102780808994,1.4518522370028715,3.535547772145013,5.2598435238203765,4.23474097571538,7.133084500003925
2025-11-25,89.14779663085938,5.3867998123168945,18.493600845336914,17.291170120239258,42.442501068115234,7.102200031280518,1.3106160163879395,1.1520073413848877,156.93899536132812,5.490483350934842,7.479067711453665,5.77562863432735,8.059644625279368,1.4560346483817705,3.5406051898570143,5.2736041184896605,4.166927629583956,7.121786747302217
2025-11-26,89.15059661865234,5.37939977645874,18.385700225830078,17.20210075378418,42.46220016479492,7.084499835968018,1.315870761871338,1.156483769416809,156.22999572753906,5.479987645587914,7.402120838976973,5.972861552421859,8.107867212982441,1.4526447958381252,3.2203133373117185,5.436545107159649,4.228117264780453,7.1154095707330525
2025-11-27,89.16300201416016,5.3308000564575195,18.338970184326172,17.131099700927734,42.44240188598633,7.075799942016602,1.3244997262954712,1.1602139472961426,156.23899841308594,4.354431053518095,7.649708927653311,5.968641312049221,8.162914540397658,1.4774174152479038,3.2043612405345456,5.473090789235836,4.185344156138193,6.894155997716861
2025-11-28,89.36479949951172,5.355400085449219,18.329599380493164,17.140869140625,42.48509979248047,7.075799942016602,1.3241175413131714,1.1599851846694946,156.28399658203125,4.360987618380967,7.798801475422786,5.959690585779439,8.167581647219192,1.4749930841218066,3.2043926893682158,5.374344457311434,3.9412923087507,6.5926606265970165
2025-12-01,89.3499984741211,5.335400104522705,18.284500122070312,17.109420776367188,42.46950149536133,7.075099945068359,1.3239772319793701,1.1601465940475464,155.92799377441406,4.364140792026474,7.662404625961261,5.913812168776412,8.15331440101338,1.4904050289841022,3.197847681774995,5.367702769664172,3.814576969445496,6.569671655810609
2025-12-02,89.61270141601562,5.355800151824951,18.30590057373047,17.0743408203125,42.41801071166992,7.071700096130371,1.3209341764450073,1.1607661247253418,155.5570068359375,4.380720124146074,7.50251665809927,5.8960722588925245,7.808516940644688,1.5595215026308535,3.191299062120201,5.385411490967062,3.8084835370017154,6.62424367192571
2025-12-03,89.91719818115234,5.326300144195557,18.27526092529297,17.09333038330078,42.45227813720703,7.070000171661377,1.3219469785690308,1.1627906560897827,155.8070068359375,4.448222663575001,7.590319427792705,5.87876187452649,7.210211624012435,1.5560011961616687,3.187103717066537,5.343870592228113,3.6791644309034615,6.3467865246383735
2025-12-04,90.17050170898438,5.306099891662598,18.27519989013672,17.032760620117188,42.446998596191406,7.063600063323975,1.3348817825317383,1.1666841506958008,155.10699462890625,4.345949543291688,7.607913133513413,5.876870946397624,7.230151467882963,1.5620953362511352,3.1836651105833766,6.093199469851401,3.7961026182159165,6.533037477476671
2025-12-05,89.8364028930664,5.309299945831299,18.218599319458008,16.98200035095215,42.500099182128906,7.071400165557861,1.3321788311004639,1.1642799377441406,155.14199829101562,4.546720969643488,7.577863154512872,5.899221612956644,7.128498070705784,1.5594632229671468,3.208390231211645,6.098651142500827,3.844658308973381,6.445453719225497
2025-12-08,89.93800354003906,5.4380998611450195,18.171600341796875,16.93058967590332,42.51499938964844,7.0696001052856445,1.3324593305587769,1.164022445678711,155.33999633789062,4.547412044604916,10.42687533936151,5.9125063499141115,6.904781204030878,1.5103254983371281,3.206233445143586,6.097909146741247,3.831185637092987,6.4076988713221334
2025-12-09,90.12999725341797,5.429999828338623,18.26059913635254,17.025800704956055,42.55390167236328,7.071000099182129,1.3326793909072876,1.1641442775726318,155.843994140625,4.431918908529794,10.400029848507732,6.099098239503716,7.12454993381282,1.4734159566889007,3.184835857804085,6.084048030190268,3.7974470306491086,6.394027348776215
2025-12-10,89.91690063476562,5.43149995803833,18.1825008392334,17.02790069580078,42.549400329589844,7.063300132751465,1.3303532600402832,1.1628313064575195,156.83799743652344,4.517777366375841,10.352183079570965,6.172395380862802,7.052941722306186,1.4674778465894411,3.168340502516104,5.950950805094341,3.8067875095017114,6.2444999481623045
2025-12-11,89.79299926757812,5.469799995422363,18.157400131225586,16.922800064086914,42.61159896850586,7.064000129699707,1.3388315439224243,1.1701242923736572,155.7899932861328,4.5492695988348535,10.524587433906008,6.126854338152269,7.249741427814772,1.4035334650322857,3.1687834498487693,5.903898651018373,3.977202886831823,6.419795379792453
2025-12-12,90.25299835205078,5.4054999351501465,18.031539916992188,16.851699829101562,42.63240051269531,7.0578999519348145,1.339046597480774,1.1739431619644165,155.56700134277344,4.675619874823598,11.056493820479183,6.2870889943305395,7.008144593241656,1.182972065942871,3.1338344155908797,5.824795400080286,3.966716514368409,6.086560851492657
2025-12-15,90.5770034790039,5.4182000160217285,18.00322914123535,16.858869552612305,42.68220138549805,7.053999900817871,1.3367732763290405,1.1737639904022217,155.88800048828125,4.747519465903347,11.0640037059622,6.246720303616185,7.001964975205047,1.198400192303185,3.1126352169955083,5.819347937899612,3.7562023887383202,6.0899511738036916
2025-12-16,90.77690124511719,5.413400173187256,17.981300354003906,16.782529830932617,42.69390106201172,7.046999931335449,1.3380612134933472,1.1754610538482666,155.01499938964844,4.752107982106514,11.006777070706773,6.206899698207316,7.073996818920395,1.1986007541481416,1.98461688725214,5.817875534084567,3.7406015662394223,6.331250077463878
2025-12-17,90.94889831542969,5.507500171661377,17.956100463867188,16.73332977294922,42.70759963989258,7.0416998863220215,1.342499852180481,1.1749500036239624,154.7779998779297,4.758631380189176,11.89060475535603,5.283189357228469,6.038425757162832,1.192791342770376,1.1877287602440272,5.1573675235625265,3.5998395097305798,6.21714958146294
2025-12-18,90.4136962890625,5.518499851226807,18.011760711669922,16.766679763793945,42.72959899902344,7.043000221252441,1.3374598026275635,1.1742326021194458,155.4949951171875,5.0826498737129295,11.672711894683445,5.3401119728344275,6.011004391315368,1.1857853472946074,1.1999389758887333,5.321067008986851,3.620872556996952,6.282658816659041
2025-12-19,90.25579833984375,5.521299839019775,17.99342918395996,16.71702003479004,42.785301208496094,7.040500164031982,1.3385393619537354,1.1725666522979736,155.58599853515625,5.12759339547705,11.64577449775605,5.334696808518855,6.017305436774607,1.187668985960269,1.1840980548970736,5.013341681981874,3.4797572783137483,5.853056847224656
2025-12-22,89.56999969482422,5.53980016708374,18.015600204467773,16.74496078491211,42.806880950927734,7.040900230407715,1.3377031087875366,1.1708093881607056,157.67599487304688,5.649340734686334,11.581560262546116,5.151124870834516,6.057343054904388,1.1438037420537084,1.1857434902990613,5.024515010171344,3.517633929300908,6.795759967726407
2025-12-23,89.60389709472656,5.590000152587891,17.964099884033203,16.696500778198242,42.815799713134766,7.040900230407715,1.3469899892807007,1.1765950918197632,156.8769989013672,5.649012240217247,11.46495897267682,5.123463190807731,5.57518705012254,1.1410432014031553,1.182739673480015,5.33207371848938,3.745226481126454,6.993684575888587
2025-12-24,89.50789642333984,5.518499851226807,17.90428924560547,16.668699264526367,42.847999572753906,7.0279998779296875,1.3513604402542114,1.179551362991333,156.17599487304688,5.591658463491021,12.135934754729197,5.1216469469491415,5.566690220872869,1.1387035280260633,1.2503724437303467,5.334498561503037,3.740372631597253,7.141159066893264
2025-12-26,90.10590362548828,5.519499778747559,17.932069778442383,16.627199172973633,42.85449981689453,7.0279998779296875,1.3508949279785156,1.1785364151000977,156.08999633789062,5.8757645732131785,12.12134899538389,5.158112450948303,5.52208954620681,1.1407477904724734,1.2503724437303467,5.281979312057942,3.7638968023060397,7.060092771241266
2025-12-29,89.82929992675781,5.542500019073486,17.896459579467773,16.65920066833496,42.90407943725586,7.0279998779296875,1.349727988243103,1.1772738695144653,156.46299743652344,5.938056164595208,12.146101510279532,5.131237241435422,5.549236522111865,1.1523219088780527,1.2432314706431145,5.300687743207022,3.6902690314050335,7.080915934570846
2025-12-30,89.9000015258789,5.5690999031066895,17.97216033935547,16.672700881958008,42.935699462890625,7.0055999755859375,1.3510993719100952,1.1772878170013428,156.01300048828125,5.911623562569042,12.170579657980136,5.331623092380268,5.481487541179828,1.153865864110981,1.430348001193371,5.300248981253642,3.651525779647908,7.142121326427629
2025-12-31,89.76940155029297,5.476200103759766,17.97879981994629,16.58547019958496,42.95198059082031,6.996099948883057,1.346719741821289,1.1747292280197144,156.41299438476562,5.931231465215955,13.192868620451456,4.846644936668781,5.320007188707562,1.1500826191713085,1.3691187703559526,5.4243542192134235,3.6540421688147515,7.067765420346661
2026-01-02,89.96189880371094,5.517000198364258,17.98465919494629,16.551599502563477,42.99399948120117,6.996099948883057,1.347363829612732,1.175046682357788,156.7310028076172,5.937676665314235,13.30364163738805,4.690826778075889,5.318964254107993,1.1547180870808222,1.3691187703559526,5.408078138570045,3.635007667787756,7.073060251512812
2026-01-05,90.00700378417969,5.421599864959717,17.91115951538086,16.49650001525879,43.01118850708008,6.993100166320801,1.3437970876693726,1.1704667806625366,156.98899841308594,5.924561177482331,14.346275877200734,4.793019186353045,5.32142989553946,1.1544994996420304,1.3604138805747894,5.056468276247554,3.674817217948498,6.553923903600174
2026-01-06,90.23300170898438,5.40749979019165,17.915700912475586,16.359729766845703,43.03919982910156,6.98799991607666,1.3533997535705566,1.1714951992034912,156.62600708007812,5.92978730822177,14.376472903790487,4.692997673247453,5.591203534607505,1.0313371476568751,1.351633126078972,5.362876879730963,3.6640546652724155,6.54669720360833
2026-01-07,90.16609954833984,5.372000217437744,17.983400344848633,16.35487937927246,43.04059982299805,6.983399868011475,1.3500559329986572,1.1688251495361328,156.67999267578125,5.1171396767432045,14.0053384001643,4.466330362619675,4.639548443405901,0.941531268203956,1.3454298724008351,5.463481471910321,3.6602403194140374,6.426546484816434
2026-01-08,89.8644027709961,5.383900165557861,17.978200912475586,16.446640014648438,43.036598205566406,6.996500015258789,1.3459312915802002,1.1676785945892334,156.7310028076172,4.951322269173103,13.997695190477064,4.431766150513378,5.081911643867235,0.9391732041854863,1.5222273672294033,5.5896313660425605,3.681566617991203,6.409632946357767
2026-01-09,89.90540313720703,5.386600017547607,17.962299346923828,16.512060165405273,43.12889862060547,6.983500003814697,1.3438005447387695,1.1657865047454834,156.8800048828125,4.951062277028778,13.992025382156948,4.181672969423055,5.2241461253667945,1.0580328402872465,1.45990159261589,5.553549484601074,3.5799141755367936,6.271869947402108
2026-01-12,90.23600006103516,5.370299816131592,17.974109649658203,16.474519729614258,43.10540008544922,6.977200031280518,1.3394231796264648,1.1623716354370117,158.1490020751953,5.047210381609671,13.758258437796659,4.166858682838011,5.166067759143194,1.064620963103923,1.448364805890242,5.380789641142739,3.5827319259321455,6.68066620350492
2026-01-13,90.13269805908203,5.373700141906738,17.909099578857422,16.37459945678711,43.14179992675781,6.973100185394287,1.3465656042099,1.1666978597640991,157.98599243164062,5.034737519847671,13.697571709684059,4.2531375841881065,5.313537024799187,1.0591879870437713,1.4418904033112245,5.563698390638153,3.734698985875309,6.693741700209648
2026-01-14,90.27300262451172,5.371300220489502,17.82360076904297,16.38578987121582,43.152400970458984,6.977499961853027,1.3426783084869385,1.164252758026123,159.1790008544922,5.045922488808038,13.649617408057013,4.38389964684538,5.350482523024282,1.0294794397885845,1.4741114077271353,5.650601619005342,3.793315206350069,6.956939659390425
2026-01-15,90.18319702148438,5.396100044250488,17.785499572753906,16.38875961303711,43.16960144042969,6.9730000495910645,1.344266653060913,1.1646324396133423,158.40199279785156,4.99889610289697,13.66954765045733,4.356373904729086,5.3672085042509865,0.8884878170788306,1.4750557053938285,5.591967949082983,3.7918243012628743,7.089622576645076
2026-01-16,90.36160278320312,5.3678998947143555,17.65329933166504,16.3302001953125,43.27220153808594,6.966000080108643,1.3381328582763672,1.1609008312225342,158.5959930419922,4.936930210681691,13.659401187207276,4.741455843893172,5.351469867062092,1.0279599413078246,1.4814025870924017,5.787250145328912,3.8771731816926787,7.085832720566742
2026-01-19,90.7020034790039,5.367700099945068,17.63265037536621,16.408000946044922,43.26826858520508,6.968100070953369,1.3404287099838257,1.162493348121643,157.53500366210938,4.988617341219698,13.605001143090995,4.728996089592035,5.613204279544487,1.0258460372630043,1.4934876948317006,5.081140466246891,3.7673298812939917,7.249798150013962
2026-01-20,90.90450286865234,5.36870002746582,17.57710075378418,16.370819091796875,43.276100158691406,6.968100070953369,1.3418315649032593,1.1639139652252197,158.177001953125,4.880291411715373,13.605050730379208,4.730889202930597,5.5977489456827705,1.0172318924480128,1.4261955623655347,5.045109807530215,3.740213430094626,7.321350792586931
2026-01-21,91.11840057373047,5.374300003051758,17.591999053955078,16.41029930114746,43.289398193359375,6.95989990234375,1.344085931777954,1.1727865934371948,158.16200256347656,4.908994012986455,11.581473646664616,4.747647236638955,5.6662686873753625,1.0182445593345693,1.437963970044228,5.062172297471963,4.343621209543361,7.322045695561133
2026-01-22,91.53690338134766,5.31879997253418,17.482500076293945,16.262710571289062,43.295799255371094,6.963699817657471,1.3419395685195923,1.1672970056533813,158.45599365234375,5.032904107454524,11.933742177166566,4.624386354726597,5.756931836964279,1.0220243919768388,1.4564941102299112,5.091759590382946,4.573252336616108,7.289673223879804
2026-01-23,91.55829620361328,5.283699989318848,17.46809959411621,16.12579917907715,43.339900970458984,6.972599983215332,1.3501288890838623,1.1754610538482666,158.50100708007812,4.959252673923176,12.052544785846225,4.548394562005587,6.06880770790109,1.0086654084323998,1.5341134295814394,5.328923166249276,4.973000381627413,7.078236908765279
2026-01-26,91.5009994506836,5.288899898529053,17.370479583740234,16.04631996154785,43.38639831542969,6.972599983215332,1.3662508726119995,1.1858457326889038,155.16600036621094,4.937825282640976,11.83134769290772,4.7128873043123125,6.001384697910037,0.9863084085440988,1.5314083378812353,6.057021828958487,5.283308784880736,9.219359752269735
2026-01-27,91.71309661865234,5.279099941253662,17.35540008544922,16.014999389648438,43.38180160522461,6.95419979095459,1.3677457571029663,1.1876484155654907,154.33599853515625,4.780614618124922,11.395995113266725,4.421065324010815,5.957252840020004,1.0070283354848433,1.656093991519773,6.0560684235109585,5.226493680386941,9.33705252233196
2026-01-28,91.5343017578125,5.183599948883057,17.162500381469727,15.857760429382324,43.41460037231445,6.954500198364258,1.3824374675750732,1.2017642259597778,152.4530029296875,4.742900340645966,12.405819921234404,5.2627884715356155,6.366980322382259,0.9931441702639497,1.6632100784779886,6.667807921246236,6.192688856383808,9.926806137056001
2026-01-29,92.04080200195312,5.1971001625061035,17.149900436401367,15.710020065307617,43.40729904174805,6.954500198364258,1.382533073425293,1.1977769136428833,153.0959930419922,4.949279787399187,12.46060475440621,5.26760713650318,6.674042554003341,1.0125795306174195,1.6611440895366183,6.674768720058412,6.302024581255397,9.915502467112749
2026-01-30,91.78189849853516,5.189199924468994,17.22517967224121,15.7183198928833,43.455101013183594,6.947999954223633,1.380643367767334,1.19657301902771,153.16200256347656,5.018746429070578,11.127066227209525,5.543976667927339,6.715852678073145,1.0222646495944037,1.6649652958675043,6.67755544057899,6.3125940058923815,9.912318482586832
2026-02-02,91.68699645996094,5.255000114440918,17.466890335083008,16.137269973754883,43.48197937011719,6.951000213623047,1.3679141998291016,1.1849182844161987,155.20199584960938,4.684347458351948,11.863496719634457,7.020264436680552,10.65935150443097,1.022144682614144,1.6746119807432132,7.180568084512908,6.985391891788177,10.5870563923655
2026-02-03,90.24559783935547,5.259399890899658,17.37529945373535,16.053630828857422,43.47489929199219,6.946300029754639,1.367315649986267,1.1798714399337769,155.4429931640625,6.6129535650214955,11.868978412006099,7.126500512635843,10.709614518571241,1.0205686920441661,1.675821162821958,7.188924787220515,7.094188814465653,10.595742357443108
2026-02-04,90.42289733886719,5.237500190734863,17.238399505615234,15.931839942932129,43.49100112915039,6.937699794769287,1.3697504997253418,1.1816140413284302,155.7989959716797,6.227109965938906,11.796682779955244,7.3471367780778785,10.819936878017074,1.0216372988385605,1.6839058636218793,7.1836528951609635,7.084081392509215,9.831996028777864
2026-02-05,90.125,5.23799991607666,17.32438087463379,16.07012939453125,43.519500732421875,6.937699794769287,1.3644611835479736,1.180163860321045,156.91700744628906,6.314663737506207,11.354470730568028,7.565892432365259,11.215719960303899,1.0176579854719312,1.6839058636218793,7.062239584331816,6.95855674355957,9.964283302690664
2026-02-06,90.3147964477539,5.270500183105469,17.503599166870117,16.241300582885742,43.60929870605469,6.93779993057251,1.3520822525024414,1.177786946296692,156.78399658203125,6.326166224194467,11.13889422892774,8.239042050433477,11.732270018874704,1.1079485289229378,1.6406455594997622,7.524192650067703,6.946422480060177,9.877191471110661
2026-02-09,90.58799743652344,5.21589994430542,17.251699447631836,15.992159843444824,43.46875,6.938799858093262,1.3608959913253784,1.182578206062317,157.24400329589844,6.090407480174799,11.41553047238631,9.103838271507286,12.458044749202505,1.5619549285263652,1.6444551848505173,7.754033632546167,7.042084489143442,9.90735107712119
2026-02-10,90.82279968261719,5.1915998458862305,17.208799362182617,15.894000053405762,43.58409881591797,6.921999931335449,1.368344783782959,1.1904053688049316,156.1320037841797,6.048394632375255,11.29665582400816,9.108404427444295,12.49761222239739,1.6748886201130007,1.7371640197506557,7.890732822671046,7.277461698736166,10.108448403583942
2026-02-11,90.58789825439453,5.196199893951416,17.183900833129883,15.92609977722168,43.627498626708984,6.910600185394287,1.3634566068649292,1.1889617443084717,154.48199462890625,6.107101871874461,11.143271136629696,8.956830225398523,12.522233188412713,1.6794099007280607,1.5808973702546167,7.974686461584603,7.291484893717823,10.532209275187885
2026-02-12,90.73570251464844,5.198699951171875,17.19301986694336,15.869400024414062,43.63610076904297,6.912499904632568,1.362399697303772,1.1876062154769897,153.2689971923828,6.097295126820004,10.294192637904754,8.95984243305472,12.488220649006527,1.6816901022313522,1.5707131468061888,7.9108677924630495,7.26665566364085,10.716495060137202
2026-02-13,90.56410217285156,5.213900089263916,17.207000732421875,15.947830200195312,43.72809982299805,6.900100231170654,1.3620266914367676,1.1868449449539185,152.8209991455078,6.107081648775994,10.024167627408586,8.969452107078645,12.622312939456043,1.7389355472506407,1.616378190914178,7.913206463668707,7.272578727962137,10.704746505425948
2026-02-16,90.57119750976562,5.217899799346924,17.161109924316406,15.928319931030273,43.69063186645508,6.9079999923706055,1.3647778034210205,1.1867464780807495,152.7790069580078,6.106676513710023,8.913598437033025,8.942676876846917,12.606303437995248,1.7867966135760507,1.682029113912482,7.87393859769782,7.162487599333531,10.68074746818036
2026-02-17,90.78299713134766,5.243899822235107,17.166149139404297,15.95740032196045,43.722801208496094,6.9079999923706055,1.3627691268920898,1.1849884986877441,153.60899353027344,6.10124730090849,9.083867596957058,8.943332292659928,12.44743302715059,1.787496104381604,1.6831847783074467,7.637155415494412,7.183426099399982,10.825623541509955
2026-02-18,90.6261978149414,5.2204999923706055,17.11840057373047,16.025100708007812,43.734500885009766,6.9079999923706055,1.3564472198486328,1.185185194015503,153.1490020751953,6.121257864315585,8.992069150427813,8.813877854479776,12.532618652441837,1.7831497835180583,1.6846481802412863,7.729360764561334,7.139246377602588,10.842864029717813
2026-02-19,90.79350280761719,5.234399795532227,17.20854949951172,16.06279945373535,43.763999938964844,6.9079999923706055,1.349582314491272,1.1788839101791382,154.6929931640625,6.046102819060014,9.006621951151592,9.031524633002636,12.426339108969508,1.7735533980119986,1.5505756548013097,7.823352054845239,7.324184058338812,11.285578641152439
2026-02-20,91.04109954833984,5.208799839019775,17.256729125976562,16.13558006286621,43.83829879760742,6.908100128173828,1.3461124897003174,1.1769136190414429,155.16000366210938,6.085264407845078,9.067911913045629,9.114023908535824,12.445679281104976,1.7433097793095118,1.494006483830583,7.847047346189999,7.325376628766635,11.32313176828851
2026-02-23,90.72660064697266,5.176499843597412,17.09827995300293,15.961400032043457,43.80820083618164,6.9079999923706055,1.3533265590667725,1.1834739446640015,154.33900451660156,6.105137192626043,9.17252729573407,9.371126158340951,12.77759374462809,1.7514703954378545,1.4882262280832181,7.926620587149828,7.410997292881993,11.119573585395678
2026-02-24,91.02010345458984,5.170899868011475,17.259559631347656,15.999580383300781,43.84659957885742,6.9079999923706055,1.34969162940979,1.1793843507766724,154.63499450683594,6.153827958379603,9.15606282187844,9.882025079745508,12.722578035395266,1.7519798449782675,1.4891925735243352,7.829277693566759,7.441034687346991,11.146801758780173
2026-02-25,90.91799926757812,5.1519999504089355,17.17889976501465,15.951399803161621,43.854801177978516,6.8831000328063965,1.3497462272644043,1.1775233745574951,155.8800048828125,6.156545344215182,9.178324551465058,9.878913510831092,12.731692344100143,1.7529211071466246,1.7407881524189248,7.7783958485341875,7.4276182711860885,11.179815149741422
2026-02-26,90.95099639892578,5.124199867248535,17.157529830932617,15.843179702758789,43.8650016784668,6.869200229644775,1.3558034896850586,1.181516408920288,156.1999969482422,6.145358106220207,9.068671677840658,9.875004620855618,12.841572318916459,1.754735295014942,1.7985538515708233,7.87356833967401,7.478328649469825,11.133581444954212
2026-02-27,91.00740051269531,5.136600017547607,17.202899932861328,15.9173002243042,43.95539855957031,6.84089994430542,1.3491452932357788,1.1803030967712402,155.85899353027344,6.125509111508191,9.081528483159694,9.751546467747374,12.925696365693785,1.7280876358476926,2.0793520285581906,7.892852837576418,7.411178518078225,11.133042674057464
2026-03-02,91.07959747314453,5.1296000480651855,17.316999435424805,16.059579849243164,43.9486083984375,6.857900142669678,1.3406623601913452,1.1759449243545532,156.63299560546875,6.036905146379654,9.07171467145085,9.988144957252613,13.13734132145386,1.7301472616756852,2.2511094760500057,8.104803874164567,7.507873086134619,11.087465707564771
2026-03-03,91.56340026855469,5.170300006866455,17.30327033996582,16.07469940185547,43.96500015258789,6.881999969482422,1.3410578966140747,1.1697274446487427,157.2570037841797,6.193353067631594,9.465897892084955,9.958810710621686,13.136630242930645,1.7277643655824946,2.535487039955143,8.099444231029626,7.6805567235712395,11.084457972051084
2026-03-04,92.00859832763672,5.277299880981445,17.670869827270508,16.481090545654297,43.948001861572266,6.899700164794922,1.3353630304336548,1.161224365234375,157.7729949951172,6.3090699357399656,11.394386163742157,11.786294980165945,15.112158913954026,1.7470356197333288,2.6667615072451794,8.173991689152782,7.638702861558117,11.129562210669784
2026-03-05,92.12300109863281,5.230100154876709,17.593059539794922,16.314889907836914,43.93980026245117,6.896999835968018,1.3369520902633667,1.1635618209838867,156.98300170898438,6.185972691311009,11.298249689677457,11.71195058238117,15.172918349472365,1.7556296853013975,2.6550962726249643,8.17263792903755,7.552438355145587,11.204442037312258
2026-03-06,91.78690338134766,5.263400077819824,17.702600479125977,16.622779846191406,44.03340148925781,6.896999835968018,1.3357375860214233,1.1608065366744995,157.53399658203125,6.286734299142428,11.318550337375635,11.834103890851969,15.878740865350178,1.8131732898229818,2.613792746857788,7.959241572266603,7.270905176130954,11.257612242960253
2026-03-09,91.93620300292969,5.243500232696533,17.992300033569336,16.769359588623047,44.083091735839844,6.896500110626221,1.3301055431365967,1.152325987815857,158.427001953125,6.2983084896556125,11.362915777481811,12.546281225264478,15.927956200319315,1.8146913595388288,2.61300496674187,7.125929529276457,6.987336856336435,9.477467971296802
2026-03-10,91.220703125,5.2052998542785645,17.673099517822266,16.32908058166504,44.07979965209961,6.910999774932861,1.3424980640411377,1.1617234945297241,157.84800720214844,6.667875462764217,11.536731271302127,13.689306556396074,17.83175854202663,1.813758859807342,2.6157114000821458,7.6996632302746155,7.440746687751505,9.395691715328592
2026-03-11,92.16510009765625,5.162399768829346,17.589780807495117,16.281810760498047,44.088401794433594,6.876500129699707,1.3419036865234375,1.1611299514770508,158.11399841308594,7.305544429525847,10.537534970246197,13.332751502782076,17.587834342497196,1.8150450031303575,2.958581903076075,6.908587813024002,6.4113384006153264,8.55457436931225
2026-03-12,92.22879791259766,5.151400089263916,17.744600296020508,16.57607078552246,44.0984001159668,6.865499973297119,1.338186502456665,1.1543211936950684,159.0749969482422,7.133386227354492,10.520685883627888,13.51918809424855,17.986904357521897,1.8057291244573064,2.9772674277448465,6.920035624776004,6.527964102307182,8.627705228759075
2026-03-13,92.38990020751953,5.243899822235107,17.834299087524414,16.756179809570312,44.18539810180664,6.868899822235107,1.335250735282898,1.1521666049957275,159.20599365234375,7.095130985143004,11.761287146215954,13.53431909188784,18.169383501882646,1.8469989657197081,2.9849354875657084,6.9271932710343185,6.530240762432812,8.625052170014794
2026-03-16,92.5635986328125,5.329100131988525,17.886369705200195,16.8702392578125,44.17097091674805,6.896100044250488,1.3247665166854858,1.1435105800628662,159.5679931640625,7.100292041237126,12.12539022629617,12.990627493971276,16.698996003911812,1.8644605579722324,3.23312900819612,6.798086791895468,6.306741261796539,7.847122841367655
2026-03-17,92.28269958496094,5.233399868011475,17.6835994720459,16.669099807739258,44.18349838256836,6.95550012588501,1.3314337730407715,1.1499539613723755,159.10499572753906,5.343342400712886,13.250693958513779,13.352884534740827,17.045272275127292,1.854615803757008,4.127231600302789,7.022705475613757,6.534409857622607,7.922581652617429
2026-03-18,92.39129638671875,5.19290018081665,17.65298080444336,16.67259979248047,44.21540069580078,6.886300086975098,1.335951805114746,1.153948187828064,158.88900756835938,5.3326457206603965,13.38504692623467,13.129855885931887,16.84018870916998,1.8546259999682009,5.03527252898033,7.090950530271431,6.621166322564695,7.93303169477909
2026-03-19,93.24659729003906,5.2621002197265625,17.842899322509766,16.964399337768555,44.319000244140625,6.872600078582764,1.32650625705719,1.1464471817016602,159.7949981689453,5.73639204892184,13.952037254838773,13.392710651866068,17.35018964446974,1.925974487461169,5.059883939744801,7.269182061670067,6.825276617216298,7.838884305664781
2026-03-20,93.0822982788086,5.219900131225586,17.738100051879883,16.722700119018555,44.3036994934082,6.899799823760986,1.342570185661316,1.157755732536316,157.9239959716797,5.789204676214954,14.028074657310228,13.235186732453727,17.750544182267166,1.8940297265072865,5.208688144109459,7.7817338025824645,7.50021675331621,8.60948477474746
2026-03-23,93.89530181884766,5.3119001388549805,17.938600540161133,17.07794952392578,44.29280090332031,6.885700225830078,1.3331555128097534,1.1560158729553223,159.23399353027344,6.18459883704753,14.613919138159845,12.815300476881388,17.983187717279613,1.5464356453481867,5.235457051730438,7.751100653555051,7.374183165780608,8.89004460982602
2026-03-24,93.24369812011719,5.232900142669678,17.783649444580078,16.833229064941406,44.338600158691406,6.880000114440918,1.342426061630249,1.1607122421264648,158.47900390625,6.601554258756711,15.223349709041168,13.095585957240724,18.465613789750375,1.4287292384055528,5.1982939314344625,7.864189186206823,7.187172132398337,8.743509558080278
2026-03-25,94.29969787597656,5.232600212097168,17.72909927368164,16.906160354614258,44.339298248291016,6.8917999267578125,1.3416335582733154,1.16146719455719,158.71800231933594,7.172364631198065,15.222694704493813,13.131655546374372,18.47819859627802,1.431740433997004,5.208160604415106,7.814421230203711,7.198866108415734,8.089771866997337
